Timestamp,1. Apa jenis usaha Anda?,2. Sudah berapa lama usaha Anda berjalan?,3. Berapa rata-rata jumlah transaksi pelanggan dalam satu hari?,4. Metode pembayaran apa yang saat ini Anda terima?,5. Bagaimana Anda biasanya mencatat transaksi atau penjualan usaha?,6. Aplikasi apa yang saat ini Anda gunakan untuk menerima pembayaran atau mengelola penjualan?,7. Apa alasan utama Anda memilih aplikasi tersebut?,"8. Dari fitur berikut, fitur apa yang paling penting bagi usaha Anda?","9. Apa alasan utama Anda belum atau jarang menggunakan fitur pengelolaan usaha seperti pencatatan penjualan, laporan, atau pengelolaan stok?",10. Apakah Anda mengetahui Livin’ Merchant?,12. Seberapa tertarik Anda jika aplikasi transaksi dapat memberikan informasi mengenai kondisi atau “kesehatan” usaha berdasarkan riwayat transaksi Anda?,13. Informasi apa yang paling ingin Anda ketahui mengenai kondisi usaha Anda?,"14. Jika riwayat transaksi usaha dapat membantu bank menilai kelayakan usaha Anda untuk mendapatkan pembiayaan/modal, apakah hal tersebut membuat Anda lebih tertarik untuk rutin mencatat transaksi melalui aplikasi?",15. Saya membutuhkan satu aplikasi yang dapat membantu mengelola transaksi dan operasional usaha dalam satu tempat.,16. Saya membutuhkan ringkasan kondisi bisnis yang mudah dipahami dari data transaksi saya.,17.  Saya terbantu jika aplikasi dapat memberikan rekomendasi tentang apa yang perlu dilakukan untuk meningkatkan performa usaha.  ,18. Saya ingin mengetahui apakah kondisi bisnis saya sudah cukup siap untuk mengakses pembiayaan usaha.,19. Saya lebih tertarik mencoba aplikasi merchant jika dapat melihat demo dan fitur-fiturnya sebelum harus mendaftar atau membuka rekening.,20. Saya lebih tertarik menggunakan aplikasi merchant yang terhubung langsung dengan rekening dan layanan perbankan saya.,"21. Notifikasi mengenai penjualan, stok, performa bisnis, atau peluang pembiayaan akan membantu saya mengambil keputusan lebih cepat.",22. Rekomendasi atau pengalaman positif dari sesama pelaku usaha sangat memengaruhi keputusan saya mencoba aplikasi baru.,"23. Saya lebih tertarik mencoba aplikasi jika dapat melihat atau mencoba langsung melalui booth, roadshow, atau pendampingan onsite.","24.  Melihat perkembangan usaha melalui level, milestone, atau progress akan memotivasi saya untuk terus menggunakan aplikasi.  ",25. Reward yang mendukung perkembangan usaha lebih menarik bagi saya dibanding reward yang hanya berupa promo sementara.  ,"26. Saya tertarik bergabung dalam komunitas merchant yang menyediakan networking, edukasi, sharing, dan peluang bisnis.",27. Apa 3 faktor terpenting saat Anda memilih aplikasi untuk membantu mengelola usaha? (Pilih Maksimal 3),28. Melalui media apa Anda paling tertarik mengetahui aplikasi atau layanan baru untuk bisnis? Pilih maksimal 3 (Pilih Maksimal 3),29. Fitur/manfaat mana yang paling membuat Anda tertarik menggunakan Livin’ Merchant? (Pilih Maksimal 3),"30. Menurut Anda, apa satu hal yang paling membuat Anda mau menggunakan satu aplikasi pembayaran/pengelolaan usaha secara rutin?"
27/09/2026 17:31:43,Makanan & Minuman (F&B),3–5 tahun,10–25 transaksi,"Tunai, QRIS, Transfer bank",Excel/Spreadsheet,bsi,"Mudah digunakan, Pendaftaran mudah","Pembayaran QRIS, Pencairan dana yang cepat dan fleksibel",Tidak merasa membutuhkan,"Ya, pernah mendengar tetapi belum pernah menggunakan",3,Produk yang paling laku,3,3,3,4,4,3,2,4,4,4,4,4,4,"Mudah digunakan, Fitur lengkap","Instagram, TikTok",Growth Score,mau dapat uang
27/09/2026 17:52:02,Toko Kelontong/Grocery,3–5 tahun,- Lebih dari 100 transaksi,"Tunai, QRIS, Transfer bank, E-wallet, Kartu debit/kredit","Catatan/buku manual, Aplikasi kasir/POS",self apk buat audit,"Mudah digunakan, Sudah terbiasa menggunakannya","Pencatatan penjualan otomatis, Laporan perkembangan penjualan, Analisis kondisi/perkembangan usaha",Sudah menggunakan aplikasi/cara lain,"Ya, pernah mendengar tetapi belum pernah menggunakan",5,"Pertumbuhan penjualan, Stabilitas pendapatan, Arus kas usaha, Produk yang paling laku, Perbandingan performa usaha antarperiode, Rekomendasi pengembangan usaha",5,5,5,5,5,5,5,5,5,5,5,5,5,"Fitur lengkap, Keamanan, Terhubung dengan bank","Instagram, TikTok, WhatsApp","POS & pembayaran, Inventory & operasional, Business analytics","keamanan, dan integritas "
28/09/2026 9:26:54,Makanan & Minuman (F&B),Kurang dari 1 tahun,Kurang dari 10 transaksi,"Tunai, QRIS","Excel/Spreadsheet, Mengandalkan riwayat transaksi QRIS/e-wallet",GoPay Merchant,"Mudah digunakan, Pendaftaran mudah, Pencairan dana mudah/cepat","Pembayaran QRIS, Notifikasi pembayaran real-time, Pencairan dana yang cepat dan fleksibel",Tidak merasa membutuhkan,"Ya, pernah mendengar tetapi belum pernah menggunakan",5,"Pertumbuhan penjualan, Arus kas usaha, Rekomendasi pengembangan usaha",4,5,5,5,5,5,5,5,4,4,4,4,4,"Mudah digunakan, Fitur lengkap, Business insight","Instagram, Pameran / Roadshow UMKM, Info dari merchant lain","POS & pembayaran, Business analytics",Semua terintegrasi dalam satu aplikasi sehingga tidak perlu repot secara aktif membuka banyak aplikasi
28/09/2026 9:55:08,Makanan & Minuman (F&B),Kurang dari 1 tahun,51–100 transaksi,"Tunai, QRIS, Transfer bank","Excel/Spreadsheet, Mengandalkan riwayat transaksi QRIS/e-wallet",GoPay Merchant,"Mudah digunakan, Bisa menerima QRIS, Sudah terbiasa menggunakannya","Pembayaran QRIS, Pencairan dana yang cepat dan fleksibel, Pencatatan penjualan otomatis",Sudah menggunakan aplikasi/cara lain,"Ya, pernah mendengar tetapi belum pernah menggunakan",4,"Pertumbuhan penjualan, Arus kas usaha, - Kesiapan memperoleh pembiayaan/modal usaha",4,4,4,4,4,4,4,4,4,4,4,4,4,"Mudah digunakan, Keamanan, Terhubung dengan bank","Instagram, TikTok, Komunitas pengusaha / merchant","POS & pembayaran, Promosi & customer management, Reward & progress",Semua transaksi dan pencatatan keuangan bisa dilakukan dalam satu aplikasi dengan cepat dan mudah 
28/09/2026 10:13:50,Makanan & Minuman (F&B),Kurang dari 1 tahun,10–25 transaksi,"Tunai, QRIS",Excel/Spreadsheet,"DANA Bisnis, GoPay Merchant","Mudah digunakan, Pendaftaran mudah, Bisa menerima QRIS","Pembayaran QRIS, Pencairan dana yang cepat dan fleksibel, Pencatatan penjualan otomatis",Sudah menggunakan aplikasi/cara lain,"Ya, pernah mendengar tetapi belum pernah menggunakan",4,"Pertumbuhan penjualan, Stabilitas pendapatan, Arus kas usaha, Produk yang paling laku, Perbandingan performa usaha antarperiode, Rekomendasi pengembangan usaha, - Kesiapan memperoleh pembiayaan/modal usaha",3,4,4,4,3,3,3,3,3,3,3,3,3,"Mudah digunakan, Biaya terjangkau, Keamanan","Instagram, TikTok, WhatsApp","Business analytics, Personalized business recommendation, Growth Score",mudah digunakan
28/09/2026 10:14:05,Makanan & Minuman (F&B),1–2 tahun,- Lebih dari 100 transaksi,"Tunai, QRIS, E-wallet","Catatan/buku manual, Excel/Spreadsheet, Mengandalkan riwayat transaksi QRIS/e-wallet",GoPay Merchant,"Mudah digunakan, Pendaftaran mudah, Pencairan dana mudah/cepat","Pembayaran QRIS, Notifikasi pembayaran real-time, Pencairan dana yang cepat dan fleksibel",Sudah menggunakan aplikasi/cara lain,"Ya, pernah mendengar tetapi belum pernah menggunakan",4,"Pertumbuhan penjualan, Arus kas usaha, Rekomendasi pengembangan usaha",4,5,4,4,5,4,5,5,4,4,5,5,4,"Mudah digunakan, Biaya terjangkau, Terhubung dengan bank","Instagram, TikTok, WhatsApp","Inventory & operasional, Business analytics, Promosi & customer management",Mudah dan pencairan dana nya gampang 
28/09/2026 11:03:53,Makanan & Minuman (F&B),Kurang dari 1 tahun,26–50 transaksi,"Tunai, QRIS","Excel/Spreadsheet, Mengandalkan riwayat transaksi QRIS/e-wallet","DANA Bisnis, GoPay Merchant",Mudah digunakan,Pembayaran QRIS,Sudah menggunakan aplikasi/cara lain,"Ya, pernah mendengar tetapi belum pernah menggunakan",3,Pertumbuhan penjualan,3,3,3,3,3,3,3,3,3,3,3,3,3,"Mudah digunakan, Fitur lengkap, Akses pembiayaan","Instagram, TikTok, WhatsApp",POS & pembayaran,Mudah
28/09/2026 11:06:44,Jasa,1–2 tahun,10–25 transaksi,QRIS,Mengandalkan riwayat transaksi QRIS/e-wallet,"DANA Bisnis, GoPay Merchant","Bisa menerima QRIS, Pencairan dana mudah/cepat","Pembayaran QRIS, Pencairan dana yang cepat dan fleksibel",Terlalu rumit,"Ya, pernah mendengar tetapi belum pernah menggunakan",5,"Pertumbuhan penjualan, Stabilitas pendapatan, Produk yang paling laku, Rekomendasi pengembangan usaha",5,5,5,5,4,4,5,5,5,2,5,5,5,"Mudah digunakan, Fitur lengkap, Keamanan","Aplikasi Bank, Email / SMS, Komunitas pengusaha / merchant","Business analytics, Merchant community, Personalized business recommendation",membutuhkan business analytics dari data transaksi
28/09/2026 11:07:17,Makanan & Minuman (F&B),Kurang dari 1 tahun,10–25 transaksi,"Tunai, QRIS, Transfer bank, E-wallet",Excel/Spreadsheet,GoPay Merchant,"Mudah digunakan, Pendaftaran mudah, Bisa menerima QRIS","Pembayaran QRIS, Notifikasi pembayaran real-time, Pencairan dana yang cepat dan fleksibel",Terlalu rumit,Tidak pernah mendengar,3,"Pertumbuhan penjualan, Stabilitas pendapatan, Arus kas usaha, Produk yang paling laku, Perbandingan performa usaha antarperiode, Rekomendasi pengembangan usaha, - Kesiapan memperoleh pembiayaan/modal usaha",2,3,2,3,2,3,2,2,3,2,3,2,3,Mudah digunakan,"Instagram, TikTok, WhatsApp","Inventory & operasional, Business analytics, Promosi & customer management",tampilan mudah digunakan
28/09/2026 13:54:06,Toko Kelontong/Grocery,- Lebih dari 5 tahun,51–100 transaksi,Tunai,Catatan/buku manual,Tidak menggunakan aplikasi khusus (manual),Sudah terbiasa menggunakannya,Pembayaran QRIS,Terlalu rumit,Tidak pernah mendengar,4,"Pertumbuhan penjualan, Stabilitas pendapatan, Arus kas usaha, Produk yang paling laku, Perbandingan performa usaha antarperiode, Rekomendasi pengembangan usaha, - Kesiapan memperoleh pembiayaan/modal usaha",2,5,4,4,3,4,4,5,3,1,2,4,2,"Mudah digunakan, Fitur lengkap, Keamanan","WhatsApp, Email / SMS, Info dari merchant lain","Integrasi Livin’ by Mandiri, Financing readiness, Growth Score",Integrasi
28/09/2026 16:34:46,Toko Kelontong/Grocery,3–5 tahun,- Lebih dari 100 transaksi,"Tunai, QRIS",Catatan/buku manual,"DANA Bisnis, Artha","Bisa menerima QRIS, Pencairan dana mudah/cepat, Sudah terbiasa menggunakannya","Pembayaran QRIS, Pencairan dana yang cepat dan fleksibel",Lebih nyaman mencatat secara manual,"Ya, pernah mendengar tetapi belum pernah menggunakan",5,"Pertumbuhan penjualan, Stabilitas pendapatan, Arus kas usaha, Produk yang paling laku, Perbandingan performa usaha antarperiode, Rekomendasi pengembangan usaha, - Kesiapan memperoleh pembiayaan/modal usaha",5,5,5,5,5,5,5,5,5,5,5,5,5,"Mudah digunakan, Biaya terjangkau, Reward & promo","Pameran / Roadshow UMKM, Komunitas pengusaha / merchant, Sales","Business analytics, Promosi & customer management, Reward & progress",Reward dan potongan rendah
28/09/2026 19:56:00,Toko Kelontong/Grocery,1–2 tahun,51–100 transaksi,"Tunai, QRIS, Transfer bank, E-wallet, Kartu debit/kredit",Excel/Spreadsheet,GoPay Merchant,"Mudah digunakan, Pencairan dana mudah/cepat","Pembayaran QRIS, Pencairan dana yang cepat dan fleksibel, Pencatatan penjualan otomatis",Terlalu rumit,Tidak pernah mendengar,4,"Pertumbuhan penjualan, Stabilitas pendapatan, Perbandingan performa usaha antarperiode, Rekomendasi pengembangan usaha",4,4,5,5,4,4,5,3,5,5,4,3,4,"Mudah digunakan, Biaya terjangkau, Reward & promo","Pameran / Roadshow UMKM, Komunitas pengusaha / merchant, Sales","Business analytics, Personalized business recommendation, Growth Score","Pencairan dana cepat, aman, dan mudah dipantau"
28/09/2026 17:46:00,Makanan & Minuman (F&B),3–5 tahun,10–25 transaksi,"Tunai, QRIS, Transfer bank, E-wallet, Kartu debit/kredit",Excel/Spreadsheet,DANA Bisnis,"Mudah digunakan, Pendaftaran mudah, Pencairan dana mudah/cepat","Pembayaran QRIS, Notifikasi pembayaran real-time, Pencairan dana yang cepat dan fleksibel",Tidak merasa membutuhkan,Tidak pernah mendengar,4,"Pertumbuhan penjualan, Stabilitas pendapatan, Arus kas usaha, Produk yang paling laku, Rekomendasi pengembangan usaha",4,5,5,4,5,3,1,4,4,4,4,1,4,"Mudah digunakan, Fitur lengkap, Keamanan","Instagram, TikTok, Komunitas pengusaha / merchant","Business analytics, Promosi & customer management, Reward & progress","Transaksi, laporan, dan stok bisa dilihat dalam satu tempat"
28/09/2026 17:17:00,Toko Kelontong/Grocery,3–5 tahun,26–50 transaksi,"Tunai, QRIS, Transfer bank","Catatan/buku manual, Excel/Spreadsheet, Mengandalkan riwayat transaksi QRIS/e-wallet",GoPay Merchant,"Mudah digunakan, Pendaftaran mudah, Bisa menerima QRIS","Pembayaran QRIS, Pencairan dana yang cepat dan fleksibel",Sudah menggunakan aplikasi/cara lain,"Ya, pernah mendengar tetapi belum pernah menggunakan",5,"Pertumbuhan penjualan, Arus kas usaha, Rekomendasi pengembangan usaha",5,5,4,5,5,5,5,5,3,5,4,3,4,"Mudah digunakan, Fitur lengkap, Akses pembiayaan","Instagram, TikTok, WhatsApp","Integrasi Livin’ by Mandiri, Financing readiness, Growth Score",Semua kebutuhan utama usaha terintegrasi dalam satu aplikasi
28/09/2026 17:48:00,Makanan & Minuman (F&B),3–5 tahun,10–25 transaksi,QRIS,"Catatan/buku manual, Aplikasi kasir/POS",GoPay Merchant,"Mudah digunakan, Pendaftaran mudah, Bisa menerima QRIS","Pencatatan penjualan otomatis, Laporan perkembangan penjualan, Analisis kondisi/perkembangan usaha",Lebih nyaman mencatat secara manual,"Ya, pernah mendengar tetapi belum pernah menggunakan",4,"Produk yang paling laku, Perbandingan performa usaha antarperiode, Rekomendasi pengembangan usaha",3,5,4,4,5,3,5,5,3,3,4,5,3,"Mudah digunakan, Keamanan, Terhubung dengan bank","Instagram, TikTok, Komunitas pengusaha / merchant","Integrasi Livin’ by Mandiri, Financing readiness, Growth Score",Mudah digunakan dan tidak membuat operasional tambah rumit
28/09/2026 18:38:00,Makanan & Minuman (F&B),1–2 tahun,10–25 transaksi,"Tunai, QRIS, Transfer bank, E-wallet","Excel/Spreadsheet, Mengandalkan riwayat transaksi QRIS/e-wallet",DANA Bisnis,"Mudah digunakan, Pendaftaran mudah, Bisa menerima QRIS","Pembayaran QRIS, Pencairan dana yang cepat dan fleksibel, Pencatatan penjualan otomatis",Lebih nyaman mencatat secara manual,"Ya, pernah mendengar tetapi belum pernah menggunakan",5,"Pertumbuhan penjualan, Stabilitas pendapatan, Arus kas usaha, Produk yang paling laku, Rekomendasi pengembangan usaha",4,4,5,4,3,3,4,5,4,4,4,4,4,"Mudah digunakan, Fitur lengkap, Keamanan","Instagram, TikTok, Komunitas pengusaha / merchant","Business analytics, Merchant community, Personalized business recommendation",Ada reward atau benefit yang mendukung perkembangan usaha
28/09/2026 18:47:00,Toko Kelontong/Grocery,3–5 tahun,- Lebih dari 100 transaksi,Tunai,Mengandalkan riwayat transaksi QRIS/e-wallet,Tidak menggunakan aplikasi khusus (manual),"Mudah digunakan, Pendaftaran mudah, Pencairan dana mudah/cepat","Pencatatan penjualan otomatis, Laporan perkembangan penjualan, Analisis kondisi/perkembangan usaha",Sudah menggunakan aplikasi/cara lain,"Ya, pernah mendengar tetapi belum pernah menggunakan",5,"Produk yang paling laku, Perbandingan performa usaha antarperiode, Rekomendasi pengembangan usaha",4,5,5,5,5,2,4,4,3,2,5,5,4,"Mudah digunakan, Fitur lengkap, Business insight","Instagram, Pameran / Roadshow UMKM, Info dari merchant lain","POS & pembayaran, Inventory & operasional, Business analytics",Terhubung langsung dengan rekening bank dan settlement jelas
28/09/2026 18:21:00,Jasa,3–5 tahun,51–100 transaksi,"Tunai, QRIS, E-wallet","Excel/Spreadsheet, Mengandalkan riwayat transaksi QRIS/e-wallet",GoPay Merchant,"Mudah digunakan, Sudah terbiasa menggunakannya","Pencatatan penjualan otomatis, Laporan perkembangan penjualan, Analisis kondisi/perkembangan usaha",Terlalu rumit,"Ya, pernah mendengar tetapi belum pernah menggunakan",4,"Pertumbuhan penjualan, Arus kas usaha, - Kesiapan memperoleh pembiayaan/modal usaha",5,5,4,5,4,5,4,4,2,4,5,5,4,"Mudah digunakan, Fitur lengkap, Keamanan","Aplikasi Bank, WhatsApp, Komunitas pengusaha / merchant","POS & pembayaran, Inventory & operasional, Business analytics",Ada rekomendasi yang benar-benar relevan untuk usaha saya
28/09/2026 17:01:00,Jasa,Kurang dari 1 tahun,26–50 transaksi,QRIS,Mengandalkan riwayat transaksi QRIS/e-wallet,GoPay Merchant,"Mudah digunakan, Pendaftaran mudah, Bisa menerima QRIS","Pembayaran QRIS, Notifikasi pembayaran real-time, Pencairan dana yang cepat dan fleksibel",Tidak merasa membutuhkan,"Ya, pernah mendengar tetapi belum pernah menggunakan",3,"Produk yang paling laku, Perbandingan performa usaha antarperiode, Rekomendasi pengembangan usaha",5,5,4,4,4,3,4,5,5,5,2,3,4,"Mudah digunakan, Fitur lengkap, Keamanan","WhatsApp, Komunitas pengusaha / merchant, Info dari merchant lain","Integrasi Livin’ by Mandiri, Financing readiness, Growth Score",Semua kebutuhan utama usaha terintegrasi dalam satu aplikasi
28/09/2026 19:24:00,Makanan & Minuman (F&B),3–5 tahun,51–100 transaksi,"Tunai, QRIS","Excel/Spreadsheet, Mengandalkan riwayat transaksi QRIS/e-wallet","DANA Bisnis, GoPay Merchant","Mudah digunakan, Sudah terbiasa menggunakannya","Pembayaran QRIS, Pencatatan penjualan otomatis, Laporan perkembangan penjualan",Tidak merasa membutuhkan,"Ya, pernah mendengar tetapi belum pernah menggunakan",5,"Pertumbuhan penjualan, Arus kas usaha, Rekomendasi pengembangan usaha",4,4,4,5,3,4,3,5,3,3,5,3,4,"Mudah digunakan, Keamanan, Terhubung dengan bank","Instagram, TikTok, Komunitas pengusaha / merchant","POS & pembayaran, Inventory & operasional, Business analytics",Ada rekomendasi yang benar-benar relevan untuk usaha saya
28/09/2026 18:17:00,Makanan & Minuman (F&B),3–5 tahun,10–25 transaksi,"Tunai, QRIS",Excel/Spreadsheet,QRIS bank / mobile banking,"Mudah digunakan, Pencairan dana mudah/cepat","Pembayaran QRIS, Pencairan dana yang cepat dan fleksibel, Pencatatan penjualan otomatis",Lebih nyaman mencatat secara manual,"Ya, pernah mendengar tetapi belum pernah menggunakan",5,"Pertumbuhan penjualan, Stabilitas pendapatan, Arus kas usaha, Produk yang paling laku, Rekomendasi pengembangan usaha",5,4,5,5,4,4,5,5,3,4,1,4,4,"Mudah digunakan, Fitur lengkap, Business insight","Instagram, TikTok, WhatsApp","Business analytics, Merchant community, Personalized business recommendation","Ada benefit yang terasa untuk usaha, bukan hanya promo sesaat"
28/09/2026 18:26:00,Makanan & Minuman (F&B),3–5 tahun,- Lebih dari 100 transaksi,"Tunai, QRIS, Transfer bank","Excel/Spreadsheet, Mengandalkan riwayat transaksi QRIS/e-wallet",Tidak menggunakan aplikasi khusus (manual),"Mudah digunakan, Pendaftaran mudah, Bisa menerima QRIS","Pencatatan penjualan otomatis, Laporan perkembangan penjualan, Analisis kondisi/perkembangan usaha",Sudah menggunakan aplikasi/cara lain,"Ya, pernah mendengar tetapi belum pernah menggunakan",5,"Pertumbuhan penjualan, Stabilitas pendapatan, Perbandingan performa usaha antarperiode, Rekomendasi pengembangan usaha",5,4,4,5,4,3,4,4,5,4,1,4,5,"Mudah digunakan, Keamanan, Terhubung dengan bank","WhatsApp, Komunitas pengusaha / merchant, Info dari merchant lain","Business analytics, Promosi & customer management, Reward & progress",Aplikasinya stabil dan fitur yang sering dipakai mudah ditemukan
28/09/2026 19:22:00,Toko Kelontong/Grocery,Kurang dari 1 tahun,10–25 transaksi,"Tunai, QRIS, E-wallet","Excel/Spreadsheet, Mengandalkan riwayat transaksi QRIS/e-wallet",GoPay Merchant,"Mudah digunakan, Sudah terbiasa menggunakannya","Pencatatan penjualan otomatis, Laporan perkembangan penjualan, Analisis kondisi/perkembangan usaha",Terlalu rumit,"Ya, pernah mendengar tetapi belum pernah menggunakan",4,"Pertumbuhan penjualan, Arus kas usaha, Rekomendasi pengembangan usaha",4,4,5,4,4,2,2,4,2,3,3,3,3,"Mudah digunakan, Keamanan, Terhubung dengan bank","Instagram, TikTok, Komunitas pengusaha / merchant","POS & pembayaran, Promosi & customer management, Reward & progress","Ada benefit yang terasa untuk usaha, bukan hanya promo sesaat"
28/09/2026 17:06:00,Jasa,3–5 tahun,51–100 transaksi,"Tunai, QRIS, E-wallet",Excel/Spreadsheet,"DANA Bisnis, GoPay Merchant","Mudah digunakan, Pendaftaran mudah, Bisa menerima QRIS","Pembayaran QRIS, Pencairan dana yang cepat dan fleksibel, Pencatatan penjualan otomatis",Terlalu rumit,Tidak pernah mendengar,5,"Pertumbuhan penjualan, Arus kas usaha, Rekomendasi pengembangan usaha",4,4,4,5,4,4,3,5,2,3,5,5,4,"Mudah digunakan, Fitur lengkap, Keamanan","Instagram, TikTok, WhatsApp","POS & pembayaran, Promosi & customer management, Reward & progress",Mudah dipelajari dan ada bantuan ketika saya bingung
28/09/2026 17:45:00,Makanan & Minuman (F&B),3–5 tahun,10–25 transaksi,"Tunai, QRIS, Transfer bank, E-wallet",Catatan/buku manual,QRIS bank / mobile banking,"Mudah digunakan, Pencairan dana mudah/cepat","Pencatatan penjualan otomatis, Laporan perkembangan penjualan, Analisis kondisi/perkembangan usaha",Lebih nyaman mencatat secara manual,"Ya, pernah mendengar tetapi belum pernah menggunakan",5,"Pertumbuhan penjualan, Stabilitas pendapatan, Arus kas usaha, Produk yang paling laku, Rekomendasi pengembangan usaha",3,4,4,5,5,5,5,5,3,4,3,4,2,"Mudah digunakan, Fitur lengkap, Keamanan","Aplikasi Bank, WhatsApp, Komunitas pengusaha / merchant","Business analytics, Personalized business recommendation, Growth Score","Ada benefit yang terasa untuk usaha, bukan hanya promo sesaat"
28/09/2026 18:31:00,Makanan & Minuman (F&B),Kurang dari 1 tahun,26–50 transaksi,"Tunai, QRIS, E-wallet","Catatan/buku manual, Excel/Spreadsheet, Mengandalkan riwayat transaksi QRIS/e-wallet","DANA Bisnis, GoPay Merchant","Mudah digunakan, Pencairan dana mudah/cepat","Pencatatan penjualan otomatis, Laporan perkembangan penjualan, Analisis kondisi/perkembangan usaha",Sudah menggunakan aplikasi/cara lain,"Ya, pernah mendengar tetapi belum pernah menggunakan",4,"Pertumbuhan penjualan, Arus kas usaha, - Kesiapan memperoleh pembiayaan/modal usaha",3,3,2,5,2,4,4,3,4,2,5,4,1,"Mudah digunakan, Fitur lengkap, Akses pembiayaan","Instagram, TikTok, Komunitas pengusaha / merchant","Business analytics, Personalized business recommendation, Growth Score",Ada reward atau benefit yang mendukung perkembangan usaha
28/09/2026 19:54:00,Makanan & Minuman (F&B),1–2 tahun,26–50 transaksi,"Tunai, QRIS, Transfer bank, E-wallet",Excel/Spreadsheet,"DANA Bisnis, GoPay Merchant","Mudah digunakan, Pendaftaran mudah, Pencairan dana mudah/cepat","Pembayaran QRIS, Notifikasi pembayaran real-time, Pencairan dana yang cepat dan fleksibel",Sudah menggunakan aplikasi/cara lain,Tidak pernah mendengar,4,"Pertumbuhan penjualan, Stabilitas pendapatan, Perbandingan performa usaha antarperiode, Rekomendasi pengembangan usaha",3,3,2,3,5,3,5,5,4,3,5,4,3,"Fitur lengkap, Keamanan, Terhubung dengan bank","Instagram, TikTok, Komunitas pengusaha / merchant","Inventory & operasional, Business analytics, Promosi & customer management",Ada insight bisnis yang jelas dan mudah dipahami
28/09/2026 19:12:00,Jasa,Kurang dari 1 tahun,51–100 transaksi,"Tunai, QRIS, E-wallet",Mengandalkan riwayat transaksi QRIS/e-wallet,GoPay Merchant,"Mudah digunakan, Pencairan dana mudah/cepat","Pembayaran QRIS, Pencatatan penjualan otomatis, Laporan perkembangan penjualan",Sudah menggunakan aplikasi/cara lain,Tidak pernah mendengar,5,"Pertumbuhan penjualan, Arus kas usaha, - Kesiapan memperoleh pembiayaan/modal usaha",5,5,1,4,3,3,5,5,4,2,3,5,3,"Mudah digunakan, Keamanan, Terhubung dengan bank","WhatsApp, Komunitas pengusaha / merchant, Info dari merchant lain","Business analytics, Merchant community, Personalized business recommendation",Mudah dipelajari dan ada bantuan ketika saya bingung
28/09/2026 19:12:00,Jasa,1–2 tahun,10–25 transaksi,"Tunai, QRIS, E-wallet",Excel/Spreadsheet,GoPay Merchant,"Bisa menerima QRIS, Pencairan dana mudah/cepat","Pembayaran QRIS, Notifikasi pembayaran real-time, Pencairan dana yang cepat dan fleksibel",Lebih nyaman mencatat secara manual,"Ya, pernah mendengar tetapi belum pernah menggunakan",3,"Pertumbuhan penjualan, Arus kas usaha, - Kesiapan memperoleh pembiayaan/modal usaha",5,4,5,5,5,5,5,4,5,5,4,4,4,"Mudah digunakan, Biaya terjangkau, Keamanan","Instagram, TikTok, Komunitas pengusaha / merchant","Business analytics, Personalized business recommendation, Growth Score","Pencairan dana cepat, aman, dan mudah dipantau"
28/09/2026 18:38:00,Makanan & Minuman (F&B),3–5 tahun,10–25 transaksi,"Tunai, QRIS","Excel/Spreadsheet, Mengandalkan riwayat transaksi QRIS/e-wallet",GoPay Merchant,Sudah terbiasa menggunakannya,"Pembayaran QRIS, Notifikasi pembayaran real-time, Pencairan dana yang cepat dan fleksibel",Terlalu rumit,Tidak pernah mendengar,5,"Pertumbuhan penjualan, Arus kas usaha, Rekomendasi pengembangan usaha",5,4,1,3,5,5,4,5,5,4,5,3,2,"Mudah digunakan, Keamanan, Terhubung dengan bank","Instagram, TikTok, WhatsApp","Business analytics, Merchant community, Personalized business recommendation",Aplikasinya stabil dan fitur yang sering dipakai mudah ditemukan
28/09/2026 17:32:00,Makanan & Minuman (F&B),3–5 tahun,- Lebih dari 100 transaksi,"Tunai, QRIS","Excel/Spreadsheet, Mengandalkan riwayat transaksi QRIS/e-wallet",GoPay Merchant,"Bisa menerima QRIS, Pencairan dana mudah/cepat","Pencatatan penjualan otomatis, Laporan perkembangan penjualan, Analisis kondisi/perkembangan usaha",Tidak merasa membutuhkan,"Ya, pernah mendengar tetapi belum pernah menggunakan",5,"Produk yang paling laku, Perbandingan performa usaha antarperiode, Rekomendasi pengembangan usaha",4,5,4,3,5,4,4,5,5,3,5,1,4,"Mudah digunakan, Fitur lengkap, Business insight","Instagram, TikTok, WhatsApp","POS & pembayaran, Promosi & customer management, Reward & progress",Ada rekomendasi yang benar-benar relevan untuk usaha saya
28/09/2026 19:01:00,Jasa,1–2 tahun,10–25 transaksi,Tunai,Catatan/buku manual,"DANA Bisnis, GoPay Merchant",Sudah terbiasa menggunakannya,"Pencatatan penjualan otomatis, Laporan perkembangan penjualan, Analisis kondisi/perkembangan usaha",Tidak merasa membutuhkan,"Ya, pernah mendengar tetapi belum pernah menggunakan",5,"Pertumbuhan penjualan, Arus kas usaha, Rekomendasi pengembangan usaha",5,5,5,4,4,3,3,5,5,4,4,4,4,"Mudah digunakan, Biaya terjangkau, Reward & promo","Instagram, TikTok, Komunitas pengusaha / merchant","POS & pembayaran, Inventory & operasional, Business analytics",Mudah dipelajari dan ada bantuan ketika saya bingung
28/09/2026 18:52:00,Makanan & Minuman (F&B),1–2 tahun,Kurang dari 10 transaksi,"Tunai, QRIS, Transfer bank",Excel/Spreadsheet,GoPay Merchant,"Mudah digunakan, Sudah terbiasa menggunakannya","Pembayaran QRIS, Pencatatan penjualan otomatis, Laporan perkembangan penjualan",Sudah menggunakan aplikasi/cara lain,Tidak pernah mendengar,3,"Pertumbuhan penjualan, Stabilitas pendapatan, Arus kas usaha, Produk yang paling laku, Rekomendasi pengembangan usaha",4,5,5,4,3,4,5,2,5,4,5,5,3,"Mudah digunakan, Biaya terjangkau, Keamanan","Instagram, TikTok, WhatsApp","POS & pembayaran, Inventory & operasional, Business analytics","Ada benefit yang terasa untuk usaha, bukan hanya promo sesaat"
28/09/2026 19:43:00,Makanan & Minuman (F&B),1–2 tahun,10–25 transaksi,"Tunai, QRIS","Catatan/buku manual, Aplikasi kasir/POS",GoPay Merchant,"Mudah digunakan, Pendaftaran mudah, Pencairan dana mudah/cepat","Pencatatan penjualan otomatis, Laporan perkembangan penjualan, Analisis kondisi/perkembangan usaha",Terlalu rumit,Tidak pernah mendengar,4,"Pertumbuhan penjualan, Arus kas usaha, Rekomendasi pengembangan usaha",4,5,2,5,4,3,3,4,3,5,4,5,3,"Mudah digunakan, Biaya terjangkau, Reward & promo","Instagram, Pameran / Roadshow UMKM, Info dari merchant lain","Integrasi Livin’ by Mandiri, Financing readiness, Growth Score",Ada reward atau benefit yang mendukung perkembangan usaha
28/09/2026 18:28:00,Toko Kelontong/Grocery,3–5 tahun,10–25 transaksi,"Tunai, QRIS, Transfer bank, E-wallet, Kartu debit/kredit",Catatan/buku manual,DANA Bisnis,"Mudah digunakan, Sudah terbiasa menggunakannya","Pembayaran QRIS, Pencairan dana yang cepat dan fleksibel, Pencatatan penjualan otomatis",Terlalu rumit,"Ya, pernah mendengar tetapi belum pernah menggunakan",5,"Pertumbuhan penjualan, Stabilitas pendapatan, Perbandingan performa usaha antarperiode, Rekomendasi pengembangan usaha",4,4,3,5,3,4,5,3,3,3,2,5,2,"Mudah digunakan, Fitur lengkap, Business insight","Instagram, TikTok, WhatsApp","POS & pembayaran, Inventory & operasional, Business analytics",Mudah dipelajari dan ada bantuan ketika saya bingung
28/09/2026 19:21:00,Makanan & Minuman (F&B),3–5 tahun,51–100 transaksi,"Tunai, QRIS",Catatan/buku manual,DANA Bisnis,"Mudah digunakan, Pendaftaran mudah, Pencairan dana mudah/cepat","Pembayaran QRIS, Pencatatan penjualan otomatis, Laporan perkembangan penjualan",Tidak merasa membutuhkan,"Ya, pernah mendengar tetapi belum pernah menggunakan",3,"Produk yang paling laku, Perbandingan performa usaha antarperiode, Rekomendasi pengembangan usaha",5,5,3,4,4,4,2,4,5,4,5,5,1,"Fitur lengkap, Keamanan, Terhubung dengan bank","Instagram, TikTok, WhatsApp","Integrasi Livin’ by Mandiri, Financing readiness, Growth Score","Ada benefit yang terasa untuk usaha, bukan hanya promo sesaat"
28/09/2026 17:44:00,Toko Kelontong/Grocery,- Lebih dari 5 tahun,10–25 transaksi,"Tunai, QRIS","Catatan/buku manual, Aplikasi kasir/POS",GoPay Merchant,"Bisa menerima QRIS, Pencairan dana mudah/cepat","Pembayaran QRIS, Notifikasi pembayaran real-time, Pencairan dana yang cepat dan fleksibel",Lebih nyaman mencatat secara manual,Tidak pernah mendengar,5,"Pertumbuhan penjualan, Stabilitas pendapatan, Perbandingan performa usaha antarperiode, Rekomendasi pengembangan usaha",4,4,4,4,3,4,1,3,3,4,4,4,4,"Mudah digunakan, Fitur lengkap, Business insight","Instagram, TikTok, Komunitas pengusaha / merchant","Integrasi Livin’ by Mandiri, Financing readiness, Growth Score","Ada benefit yang terasa untuk usaha, bukan hanya promo sesaat"
28/09/2026 19:54:00,Toko Kelontong/Grocery,3–5 tahun,26–50 transaksi,"Tunai, QRIS",Excel/Spreadsheet,Tidak menggunakan aplikasi khusus (manual),"Mudah digunakan, Sudah terbiasa menggunakannya","Pembayaran QRIS, Pencairan dana yang cepat dan fleksibel",Tidak merasa membutuhkan,Tidak pernah mendengar,2,"Pertumbuhan penjualan, Stabilitas pendapatan, Perbandingan performa usaha antarperiode, Rekomendasi pengembangan usaha",5,5,5,5,5,5,5,4,5,3,4,3,4,"Mudah digunakan, Keamanan, Terhubung dengan bank","WhatsApp, Komunitas pengusaha / merchant, Info dari merchant lain","Business analytics, Promosi & customer management, Reward & progress",Ada rekomendasi yang benar-benar relevan untuk usaha saya
28/09/2026 19:19:00,Makanan & Minuman (F&B),3–5 tahun,26–50 transaksi,"Tunai, QRIS, Transfer bank, E-wallet, Kartu debit/kredit",Excel/Spreadsheet,GoPay Merchant,"Mudah digunakan, Sudah terbiasa menggunakannya","Pembayaran QRIS, Pencairan dana yang cepat dan fleksibel, Pencatatan penjualan otomatis",Terlalu rumit,Tidak pernah mendengar,3,"Pertumbuhan penjualan, Stabilitas pendapatan, Arus kas usaha, Produk yang paling laku, Rekomendasi pengembangan usaha",4,5,3,4,3,3,3,4,4,5,5,4,3,"Mudah digunakan, Keamanan, Terhubung dengan bank","Instagram, TikTok, WhatsApp","Business analytics, Promosi & customer management, Reward & progress",Bisa membantu melihat perkembangan penjualan dari waktu ke waktu
28/09/2026 17:38:00,Makanan & Minuman (F&B),3–5 tahun,10–25 transaksi,"Tunai, QRIS, Transfer bank, E-wallet","Excel/Spreadsheet, Mengandalkan riwayat transaksi QRIS/e-wallet",GoPay Merchant,"Mudah digunakan, Pendaftaran mudah, Pencairan dana mudah/cepat","Pembayaran QRIS, Pencairan dana yang cepat dan fleksibel",Terlalu rumit,"Ya, pernah mendengar tetapi belum pernah menggunakan",4,"Pertumbuhan penjualan, Stabilitas pendapatan, Arus kas usaha, Produk yang paling laku, Rekomendasi pengembangan usaha",4,5,4,4,4,5,3,1,1,2,5,2,5,"Mudah digunakan, Fitur lengkap, Akses pembiayaan","Pameran / Roadshow UMKM, Komunitas pengusaha / merchant, Sales","Business analytics, Personalized business recommendation, Growth Score",Ada insight bisnis yang jelas dan mudah dipahami
28/09/2026 19:39:00,Toko Kelontong/Grocery,1–2 tahun,10–25 transaksi,"Tunai, QRIS, Transfer bank, E-wallet","Catatan/buku manual, Aplikasi kasir/POS",GoPay Merchant,"Mudah digunakan, Pencairan dana mudah/cepat","Pencatatan penjualan otomatis, Laporan perkembangan penjualan, Analisis kondisi/perkembangan usaha",Terlalu rumit,"Ya, pernah mendengar tetapi belum pernah menggunakan",3,"Pertumbuhan penjualan, Stabilitas pendapatan, Arus kas usaha, Produk yang paling laku, Rekomendasi pengembangan usaha",5,4,5,5,4,4,5,3,5,5,5,5,3,"Mudah digunakan, Keamanan, Terhubung dengan bank","Instagram, TikTok, Komunitas pengusaha / merchant","Business analytics, Personalized business recommendation, Growth Score",Ada reward atau benefit yang mendukung perkembangan usaha
28/09/2026 19:52:00,Makanan & Minuman (F&B),1–2 tahun,10–25 transaksi,"Tunai, QRIS",Catatan/buku manual,"DANA Bisnis, GoPay Merchant","Mudah digunakan, Sudah terbiasa menggunakannya","Pembayaran QRIS, Notifikasi pembayaran real-time, Pencairan dana yang cepat dan fleksibel",Sudah menggunakan aplikasi/cara lain,"Ya, pernah mendengar tetapi belum pernah menggunakan",4,"Produk yang paling laku, Perbandingan performa usaha antarperiode, Rekomendasi pengembangan usaha",1,3,4,3,2,3,4,5,5,3,4,4,2,"Mudah digunakan, Fitur lengkap, Keamanan","Instagram, TikTok, Komunitas pengusaha / merchant","Business analytics, Personalized business recommendation, Growth Score",Bisa membantu melihat perkembangan penjualan dari waktu ke waktu
28/09/2026 18:19:00,Toko Kelontong/Grocery,Kurang dari 1 tahun,10–25 transaksi,"Tunai, QRIS, Transfer bank, E-wallet, Kartu debit/kredit",Mengandalkan riwayat transaksi QRIS/e-wallet,DANA Bisnis,"Mudah digunakan, Sudah terbiasa menggunakannya","Pencatatan penjualan otomatis, Laporan perkembangan penjualan, Analisis kondisi/perkembangan usaha",Sudah menggunakan aplikasi/cara lain,Tidak pernah mendengar,5,"Pertumbuhan penjualan, Stabilitas pendapatan, Perbandingan performa usaha antarperiode, Rekomendasi pengembangan usaha",3,4,4,3,4,5,4,4,2,4,4,5,4,"Mudah digunakan, Fitur lengkap, Akses pembiayaan","Instagram, TikTok, WhatsApp","POS & pembayaran, Inventory & operasional, Business analytics","Transaksi, laporan, dan stok bisa dilihat dalam satu tempat"
28/09/2026 18:05:00,Toko Kelontong/Grocery,3–5 tahun,26–50 transaksi,"Tunai, QRIS","Catatan/buku manual, Aplikasi kasir/POS",Tidak menggunakan aplikasi khusus (manual),Sudah terbiasa menggunakannya,"Pembayaran QRIS, Pencairan dana yang cepat dan fleksibel, Pencatatan penjualan otomatis",Terlalu rumit,Tidak pernah mendengar,3,"Pertumbuhan penjualan, Stabilitas pendapatan, Arus kas usaha, Produk yang paling laku, Rekomendasi pengembangan usaha",4,4,5,3,3,4,5,5,4,4,4,4,4,"Mudah digunakan, Fitur lengkap, Business insight","Instagram, TikTok, WhatsApp","Integrasi Livin’ by Mandiri, Financing readiness, Growth Score",Bisa mengetahui kesiapan usaha untuk mengakses modal
28/09/2026 17:02:00,Toko Kelontong/Grocery,Kurang dari 1 tahun,51–100 transaksi,"Tunai, QRIS",Excel/Spreadsheet,"GoPay Merchant, aplikasi kasir/POS","Mudah digunakan, Sudah terbiasa menggunakannya","Pencatatan penjualan otomatis, Laporan perkembangan penjualan, Analisis kondisi/perkembangan usaha",Sudah menggunakan aplikasi/cara lain,"Ya, pernah mendengar tetapi belum pernah menggunakan",3,"Produk yang paling laku, Perbandingan performa usaha antarperiode, Rekomendasi pengembangan usaha",2,5,5,5,4,4,5,4,1,4,5,5,4,"Mudah digunakan, Fitur lengkap, Business insight","Aplikasi Bank, WhatsApp, Komunitas pengusaha / merchant","Business analytics, Merchant community, Personalized business recommendation",Bisa mengetahui kesiapan usaha untuk mengakses modal
28/09/2026 19:21:00,Makanan & Minuman (F&B),1–2 tahun,10–25 transaksi,"Tunai, QRIS","Catatan/buku manual, Excel/Spreadsheet, Mengandalkan riwayat transaksi QRIS/e-wallet","DANA Bisnis, GoPay Merchant","Mudah digunakan, Pendaftaran mudah, Pencairan dana mudah/cepat","Pembayaran QRIS, Pencairan dana yang cepat dan fleksibel",Terlalu rumit,Tidak pernah mendengar,5,"Pertumbuhan penjualan, Arus kas usaha, Rekomendasi pengembangan usaha",2,5,4,4,2,4,4,5,4,4,5,5,3,"Mudah digunakan, Fitur lengkap, Keamanan","Instagram, TikTok, Komunitas pengusaha / merchant","Business analytics, Merchant community, Personalized business recommendation",Semua kebutuhan utama usaha terintegrasi dalam satu aplikasi
28/09/2026 17:38:00,Jasa,1–2 tahun,10–25 transaksi,"Tunai, QRIS, Transfer bank",Mengandalkan riwayat transaksi QRIS/e-wallet,Tidak menggunakan aplikasi khusus (manual),"Mudah digunakan, Pendaftaran mudah, Pencairan dana mudah/cepat","Pembayaran QRIS, Pencairan dana yang cepat dan fleksibel",Terlalu rumit,"Ya, pernah mendengar tetapi belum pernah menggunakan",5,"Produk yang paling laku, Perbandingan performa usaha antarperiode, Rekomendasi pengembangan usaha",4,3,5,4,5,4,3,5,1,1,4,3,4,"Mudah digunakan, Fitur lengkap, Akses pembiayaan","WhatsApp, Komunitas pengusaha / merchant, Info dari merchant lain","Business analytics, Merchant community, Personalized business recommendation",Mudah digunakan dan tidak membuat operasional tambah rumit
28/09/2026 17:11:00,Makanan & Minuman (F&B),1–2 tahun,51–100 transaksi,"Tunai, QRIS, E-wallet",Excel/Spreadsheet,GoPay Merchant,"Bisa menerima QRIS, Pencairan dana mudah/cepat","Pencatatan penjualan otomatis, Laporan perkembangan penjualan, Analisis kondisi/perkembangan usaha",Terlalu rumit,"Ya, pernah mendengar tetapi belum pernah menggunakan",4,"Pertumbuhan penjualan, Stabilitas pendapatan, Arus kas usaha, Produk yang paling laku, Rekomendasi pengembangan usaha",3,4,1,5,5,1,2,3,4,3,4,4,3,"Mudah digunakan, Fitur lengkap, Akses pembiayaan","Instagram, TikTok, Komunitas pengusaha / merchant","Integrasi Livin’ by Mandiri, Financing readiness, Growth Score",Semua kebutuhan utama usaha terintegrasi dalam satu aplikasi
28/09/2026 19:53:00,Toko Kelontong/Grocery,3–5 tahun,Kurang dari 10 transaksi,"Tunai, QRIS, Transfer bank, E-wallet","Catatan/buku manual, Aplikasi kasir/POS","GoPay Merchant, aplikasi kasir/POS","Mudah digunakan, Pendaftaran mudah, Pencairan dana mudah/cepat","Pembayaran QRIS, Pencatatan penjualan otomatis, Laporan perkembangan penjualan",Terlalu rumit,"Ya, pernah mendengar tetapi belum pernah menggunakan",5,"Pertumbuhan penjualan, Arus kas usaha, Rekomendasi pengembangan usaha",5,5,3,4,4,4,2,3,4,4,5,5,5,"Mudah digunakan, Biaya terjangkau, Reward & promo","Instagram, Pameran / Roadshow UMKM, Info dari merchant lain","Inventory & operasional, Business analytics, Promosi & customer management",Ada rekomendasi yang benar-benar relevan untuk usaha saya
28/09/2026 19:16:00,Makanan & Minuman (F&B),1–2 tahun,26–50 transaksi,"Tunai, QRIS",Catatan/buku manual,GoPay Merchant,"Mudah digunakan, Pendaftaran mudah, Pencairan dana mudah/cepat","Pencatatan penjualan otomatis, Laporan perkembangan penjualan, Analisis kondisi/perkembangan usaha",Terlalu rumit,"Ya, pernah mendengar tetapi belum pernah menggunakan",3,"Pertumbuhan penjualan, Arus kas usaha, Rekomendasi pengembangan usaha",3,5,4,5,4,3,5,5,3,3,4,4,3,"Fitur lengkap, Keamanan, Terhubung dengan bank","Instagram, Pameran / Roadshow UMKM, Info dari merchant lain","Business analytics, Promosi & customer management, Reward & progress",Mudah digunakan dan tidak membuat operasional tambah rumit
28/09/2026 18:08:00,Jasa,3–5 tahun,51–100 transaksi,"Tunai, QRIS, Transfer bank, E-wallet, Kartu debit/kredit","Excel/Spreadsheet, Mengandalkan riwayat transaksi QRIS/e-wallet",DANA Bisnis,"Mudah digunakan, Pendaftaran mudah, Bisa menerima QRIS","Pembayaran QRIS, Notifikasi pembayaran real-time, Pencairan dana yang cepat dan fleksibel",Lebih nyaman mencatat secara manual,"Ya, pernah mendengar tetapi belum pernah menggunakan",5,"Pertumbuhan penjualan, Arus kas usaha, - Kesiapan memperoleh pembiayaan/modal usaha",2,5,5,3,5,2,4,4,5,5,5,4,4,"Mudah digunakan, Biaya terjangkau, Keamanan","Pameran / Roadshow UMKM, Komunitas pengusaha / merchant, Sales","POS & pembayaran, Promosi & customer management, Reward & progress","Pencairan dana cepat, aman, dan mudah dipantau"
28/09/2026 18:41:00,Toko Kelontong/Grocery,3–5 tahun,10–25 transaksi,"Tunai, QRIS, Transfer bank",Catatan/buku manual,QRIS bank / mobile banking,"Mudah digunakan, Pendaftaran mudah, Bisa menerima QRIS","Pembayaran QRIS, Pencairan dana yang cepat dan fleksibel",Terlalu rumit,"Ya, pernah mendengar tetapi belum pernah menggunakan",4,"Pertumbuhan penjualan, Stabilitas pendapatan, Arus kas usaha, Produk yang paling laku, Rekomendasi pengembangan usaha",2,4,3,5,5,3,4,4,2,3,3,4,2,"Fitur lengkap, Keamanan, Terhubung dengan bank","Instagram, TikTok, WhatsApp","POS & pembayaran, Inventory & operasional, Business analytics",Keamanan transaksi dan data usaha terjamin
28/09/2026 19:20:00,Makanan & Minuman (F&B),1–2 tahun,- Lebih dari 100 transaksi,"Tunai, QRIS, Transfer bank","Excel/Spreadsheet, Mengandalkan riwayat transaksi QRIS/e-wallet",QRIS bank / mobile banking,"Mudah digunakan, Pendaftaran mudah, Pencairan dana mudah/cepat","Pencatatan penjualan otomatis, Laporan perkembangan penjualan, Analisis kondisi/perkembangan usaha",Sudah menggunakan aplikasi/cara lain,Tidak pernah mendengar,4,"Pertumbuhan penjualan, Arus kas usaha, - Kesiapan memperoleh pembiayaan/modal usaha",1,3,5,3,4,3,3,3,4,3,4,4,4,"Mudah digunakan, Fitur lengkap, Akses pembiayaan","WhatsApp, Komunitas pengusaha / merchant, Info dari merchant lain","Business analytics, Personalized business recommendation, Growth Score","Ada benefit yang terasa untuk usaha, bukan hanya promo sesaat"