Deck slide,Headline statistic,Value,Source
Merchant Paradox,Awareness → trial of Livin' Merchant,68% → 0%,Q10
Merchant Paradox,Accept QRIS (payment is baseline),94%,Q4
Persona journey · RUN,Record sales with 2+ fragmented methods,45%,Q5
Root cause · Growth Value Gap,"Management features ""too complicated""",38%,Q9
Root cause · Market Activation Gap,Use a competitor wallet/app today,89%,Q6
Root cause · Loyalty Progress Gap,Prefer growth rewards over temporary promos,74%,Q25
BUILD · RUN,Need one app for transactions & operations,85%,Q15
BUILD · UNDERSTAND,Pick business analytics as top Livin' benefit,70%,Q29
BUILD · GROW,Want a business-health / Growth Score view,75%,Q12
BUILD · GROW,Want to know financing readiness,72%,Q18
BUILD · Data flywheel,Would record more routinely for financing eligibility,66%,Q14
BUILD · ACT,Notifications help decide faster,75%,Q21
BUILD · CONNECT,Prefer app linked to bank account,66%,Q20
ENGAGE · Digital,Discover apps via Instagram / TikTok,72% / 62%,Q28
ENGAGE · Activation,Want a peer / community / roadshow touchpoint,66%,Q28
ENGAGE · Activation,Want demo before registering (Explore Mode),58%,Q19
EARN · Progress,Motivated by levels / milestones,77%,Q24
EARN · Champion,Influenced by peer merchants,58%,Q22
EARN · Community,Interested in a merchant community,58%,Q26
Competitive advantage,Top-3 factor: ease of use (table stakes),91%,Q27
